{
"apiVersion": "V2",
"assemblies": [
{
  "files": [
    {
      "filePath": "data_summary.tsv",
      "fileType": "DATA_TABLE",
      "uncompressedLengthBytes": "484"
    },
    {
      "filePath": "assembly_data_report.jsonl",
      "fileType": "DATA_REPORT",
      "uncompressedLengthBytes": "1967"
    }
  ]
},{
  "accession": "GCA_004789355.1",
  "files": [
    {
      "filePath": "GCA_004789355.1/GCA_004789355.1_ASM478935v1_genomic.fna",
      "fileType": "GENOMIC_NUCLEOTIDE_FASTA"
    }
  ]
},{
  "accession": "GCF_004789355.1",
  "files": [
    {
      "filePath": "GCF_004789355.1/GCF_004789355.1_ASM478935v1_genomic.fna",
      "fileType": "GENOMIC_NUCLEOTIDE_FASTA"
    }
  ]
}]}
